t,iso,vram_total_mb,server_pid,vram_server_mb,rss_mb,uptime_s,health_ms,health
1785944958.4,17:49:18,19995,74800,18996,9592,175,8,200
1785944978.5,17:49:38,20004,74800,19004,10416,195,6,200
1785944998.7,17:49:58,20004,74800,19004,10401,215,6,200
1785945018.8,17:50:18,20005,74800,19004,10205,235,6,200
1785945038.9,17:50:38,19996,74800,19004,10297,256,6,200
1785945059.0,17:50:59,20014,74800,19022,10147,276,6,200
1785945079.2,17:51:19,20014,74800,19022,10286,296,8,200
1785945099.3,17:51:39,20014,74800,19022,10532,316,6,200
1785945119.4,17:51:59,20022,74800,19030,10035,336,6,200
1785945139.5,17:52:19,20022,74800,19030,10953,356,6,200
1785945159.7,17:52:39,20022,74800,19030,10360,376,7,200
1785945179.8,17:52:59,20026,74800,19034,10150,396,6,200
1785945199.9,17:53:19,20030,74800,19038,10561,416,6,200
1785945220.0,17:53:40,20022,74800,19038,10648,437,6,200
1785945240.2,17:54:00,20038,74800,19046,10616,457,17,200
1785945260.3,17:54:20,20038,74800,19046,10530,477,6,200
1785945280.4,17:54:40,20046,74800,19054,10558,497,6,200
1785945300.6,17:55:00,20046,74800,19054,10448,517,6,200
1785945320.7,17:55:20,20046,74800,19054,10448,537,6,200
1785945340.8,17:55:40,20033,74800,19054,10448,557,6,200
1785945361.0,17:56:00,20041,74800,19054,10529,578,6,200
1785945381.1,17:56:21,20041,74800,19054,10529,598,6,200
1785945401.2,17:56:41,20041,74800,19054,10529,618,6,200
1785945421.3,17:57:01,20041,74800,19054,10529,638,6,200
1785945441.4,17:57:21,974,74800,-1,0,658,6,503
1785945461.6,17:57:41,982,74800,-1,0,678,6,200
1785945481.7,17:58:01,982,74800,-1,0,698,8,200
1785945501.9,17:58:21,982,74800,-1,0,718,7,200
1785945522.0,17:58:42,982,74800,-1,0,739,9,200
1785945542.2,17:59:02,982,74800,-1,0,759,9,200
1785945562.3,17:59:22,982,74800,-1,0,779,7,200
1785945582.4,17:59:42,982,86336,-1,26278,10,6,503
1785945602.6,18:00:02,977,86336,-1,29705,30,12,200
1785945622.7,18:00:22,976,86336,-1,29774,50,10,200
1785945642.9,18:00:42,976,86336,-1,29781,70,6,200
1785945663.0,18:01:03,977,86336,-1,30006,90,7,200
1785945683.2,18:01:23,972,86336,-1,30305,111,33,200
1785945703.7,18:01:43,978,86336,-1,30305,131,27,200
1785945724.1,18:02:04,979,87135,-1,29372,15,9,200
1785945744.3,18:02:24,979,87135,-1,29789,35,9,200
1785945764.4,18:02:44,971,87135,-1,29789,55,8,200
1785945784.6,18:03:04,979,87135,-1,29827,75,10,200
1785945804.7,18:03:24,996,87135,-1,30364,96,11,200
1785945824.9,18:03:44,987,87135,-1,30364,116,10,200
1785945845.0,18:04:05,989,87135,-1,0,136,6,000
1785945865.2,18:04:25,988,87872,-1,29375,20,9,200
1785945885.3,18:04:45,988,87872,-1,29790,40,7,200
1785945905.5,18:05:05,990,87872,-1,29796,60,7,200
1785945925.6,18:05:25,993,87872,-1,30365,80,7,200
1785945945.8,18:05:45,991,87872,-1,30365,100,6,200
1785945965.9,18:06:05,539,,-1,-1,-1,5,000
1785945986.0,18:06:26,19361,90060,18828,1160,7,6,200
1785946006.1,18:06:46,19967,90060,18956,3206,27,6,200
1785946026.3,18:07:06,19976,90060,18974,4398,47,6,200
1785946046.4,18:07:26,19984,90060,18974,5728,67,6,200
1785946066.5,18:07:46,19994,90060,18982,8381,87,6,200
1785946086.6,18:08:06,19994,90060,18990,9864,107,6,200
1785946106.8,18:08:26,20012,90060,18994,10071,127,6,200
1785946126.9,18:08:46,20021,90060,18998,10209,147,6,200
1785946147.0,18:09:07,20134,90060,18998,10169,168,7,200
1785946167.2,18:09:27,20132,90060,19002,10485,188,6,200
1785946187.3,18:09:47,20138,90060,19006,9441,208,6,200
1785946207.4,18:10:07,20144,90060,19010,10297,228,6,200
1785946227.5,18:10:27,20146,90060,19010,10520,248,6,200
1785946247.7,18:10:47,20146,90060,19012,10363,268,6,200
1785946267.8,18:11:07,20146,90060,19012,9951,288,6,200
1785946287.9,18:11:27,20149,90060,19012,9995,308,6,200
1785946308.1,18:11:48,20148,90060,19012,9468,329,6,200
1785946328.2,18:12:08,20154,90060,19016,10158,349,6,200
1785946348.3,18:12:28,20165,90060,19020,10376,369,6,200
1785946368.4,18:12:48,20163,90060,19020,10454,389,6,200
1785946388.6,18:13:08,20168,90060,19020,10676,409,6,200
1785946408.7,18:13:28,20172,90060,19020,10252,429,6,200
1785946428.8,18:13:48,20168,90060,19020,10435,449,6,200
1785946448.9,18:14:08,20171,90060,19020,9862,469,6,200
1785946469.1,18:14:29,20142,90060,19020,10445,490,6,200
1785946489.2,18:14:49,20151,90060,19020,10652,510,6,200
1785946509.3,18:15:09,20151,90060,19020,10634,530,6,200
1785946529.4,18:15:29,20151,90060,19028,10503,550,6,200
1785946549.6,18:15:49,20035,90060,19028,10333,570,6,200
1785946569.7,18:16:09,20033,90060,19028,10320,590,6,200
1785946589.8,18:16:29,20036,90060,19028,10443,610,7,200
1785946610.0,18:16:49,20163,90060,19028,10113,631,6,200
1785946630.1,18:17:10,20165,90060,19028,10316,651,6,200
1785946650.2,18:17:30,20210,90060,19028,10452,671,6,200
1785946670.3,18:17:50,20210,90060,19028,10426,691,6,200
1785946690.5,18:18:10,20214,90060,19032,10496,711,6,200
1785946710.6,18:18:30,20206,90060,19032,10676,731,6,200
1785946730.7,18:18:50,20214,90060,19032,10922,751,6,200
1785946750.8,18:19:10,20214,90060,19032,10983,771,6,200
1785946771.0,18:19:30,20214,90060,19032,10652,792,6,200
1785946791.1,18:19:51,20214,90060,19032,10871,812,6,200
1785946811.2,18:20:11,20222,90060,19040,10749,832,6,200
1785946831.3,18:20:31,20218,90060,19040,10881,852,6,200
1785946851.4,18:20:51,20218,90060,19040,10733,872,6,200
1785946871.6,18:21:11,20219,90060,19040,10933,892,6,200
1785946891.7,18:21:31,20211,90060,19040,10737,912,6,200
1785946911.8,18:21:51,20243,90060,19040,10708,932,6,200
1785946931.9,18:22:11,20220,90060,19040,10521,952,6,200
1785946952.1,18:22:32,20220,90060,19040,10250,973,6,200
1785946972.2,18:22:52,20224,90060,19044,9756,993,6,200
1785946992.3,18:23:12,20224,90060,19044,10460,1013,7,200
1785947012.4,18:23:32,20232,90060,19052,10653,1033,6,200
1785947032.5,18:23:52,20239,90060,19052,10387,1053,6,200
1785947052.7,18:24:12,20234,90060,19052,10271,1073,6,200
1785947072.8,18:24:32,20234,90060,19052,10482,1093,6,200
1785947092.9,18:24:52,20234,90060,19052,10514,1113,6,200
1785947113.1,18:25:13,20234,90060,19052,10426,1134,6,200
1785947133.2,18:25:33,20222,90060,19052,10627,1154,6,200
1785947153.3,18:25:53,20174,90060,19052,10726,1174,6,200
1785947173.4,18:26:13,533,,-1,-1,-1,6,000
1785947193.5,18:26:33,19971,107423,18948,2174,19,6,200
1785947213.6,18:26:53,19991,107423,18970,3973,40,7,200
1785947233.8,18:27:13,20001,107423,18978,5784,60,6,200
1785947253.9,18:27:33,20003,107423,18980,7489,80,6,200
1785947274.0,18:27:54,20015,107423,18988,9507,100,6,200
1785947294.2,18:28:14,20023,107423,18988,10327,120,6,200
1785947314.3,18:28:34,20122,107423,18988,10301,140,6,200
1785947334.4,18:28:54,20126,107423,18988,10179,160,6,200
1785947354.5,18:29:14,20188,107423,18992,10096,180,7,200
1785947374.7,18:29:34,20219,107423,19000,10476,201,6,200
1785947394.8,18:29:54,20183,107423,19000,10453,221,6,200
1785947415.0,18:30:14,20181,107423,19000,10282,241,6,200
1785947435.1,18:30:35,20176,107423,19000,10553,261,6,200
1785947455.2,18:30:55,20176,107423,19000,10806,281,6,200
1785947475.3,18:31:15,20176,107423,19000,10475,301,7,200
1785947495.5,18:31:35,20184,107423,19008,10688,321,6,200
1785947515.6,18:31:55,20161,107423,19008,10390,341,6,200
1785947535.7,18:32:15,20170,107423,19012,10155,362,6,200
1785947555.8,18:32:35,20169,107423,19012,10800,382,6,200
1785947576.0,18:32:55,20161,107423,19012,11059,402,6,200
1785947596.1,18:33:16,20162,107423,19012,10486,422,6,200
1785947616.2,18:33:36,20169,107423,19012,10462,442,6,200
1785947636.3,18:33:56,20161,107423,19012,10447,462,6,200
1785947656.5,18:34:16,20169,107423,19012,10610,482,6,200
1785947676.6,18:34:36,20169,107423,19012,10360,503,6,200
1785947696.7,18:34:56,20169,107423,19012,10344,523,5,200
1785947716.9,18:35:16,20161,107423,19012,10193,543,6,200
1785947737.0,18:35:36,20156,107423,19016,11057,563,6,200
1785947757.1,18:35:57,20040,107423,19016,10746,583,6,200
1785947777.2,18:36:17,20040,107423,19016,10771,603,6,200
1785947797.3,18:36:37,20033,107423,19016,10744,623,6,200
1785947817.5,18:36:57,20046,107423,19020,10835,643,6,200
1785947837.6,18:37:17,20046,107423,19020,10502,664,6,200
1785947857.8,18:37:37,20046,107423,19020,10031,684,6,200
1785947877.9,18:37:57,20046,107423,19020,10833,704,6,200
1785947898.0,18:38:18,20046,107423,19020,10467,724,6,200
1785947918.1,18:38:38,20050,107423,19024,10707,744,6,200
1785947938.2,18:38:58,20050,107423,19024,10856,764,6,200
1785947958.4,18:39:18,20050,107423,19024,10822,784,6,200
1785947978.5,18:39:38,20050,107423,19024,10879,804,6,200
1785947998.6,18:39:58,20050,107423,19024,11102,825,6,200
1785948018.7,18:40:18,20050,107423,19024,10607,845,6,200
1785948038.9,18:40:38,20049,107423,19024,10374,865,6,200
1785948059.0,18:40:58,20049,107423,19024,10604,885,6,200
1785948079.1,18:41:19,20049,107423,19024,10786,905,6,200
1785948099.2,18:41:39,20049,107423,19024,10768,925,7,200
1785948119.4,18:41:59,20057,107423,19032,10638,945,6,200
1785948139.5,18:42:19,20057,107423,19032,10350,965,6,200
1785948159.6,18:42:39,20057,107423,19032,10292,986,6,200
1785948179.7,18:42:59,20061,107423,19036,10820,1006,6,200
1785948199.9,18:43:19,20069,107423,19044,10742,1026,6,200
1785948220.0,18:43:39,20074,107423,19044,10583,1046,6,200
1785948240.1,18:44:00,20089,107423,19044,11089,1066,6,200
1785948260.2,18:44:20,20252,107423,19052,11239,1086,6,200
1785948280.4,18:44:40,20088,107423,19056,11091,1106,6,200
1785948300.5,18:45:00,20209,107423,19056,10651,1126,8,200
1785948320.6,18:45:20,20232,107423,19056,10902,1147,6,200
1785948340.8,18:45:40,20192,107423,19056,10611,1167,6,200
1785948360.9,18:46:00,20194,107423,19056,10699,1187,6,200
1785948381.0,18:46:21,20206,107423,19056,10595,1207,6,200
1785948401.1,18:46:41,20220,107423,19064,10872,1227,6,200
1785948421.3,18:47:01,20220,107423,19064,11007,1247,6,200
1785948441.4,18:47:21,20211,107423,19064,10585,1267,6,200
1785948461.5,18:47:41,20219,107423,19064,10897,1287,6,200
1785948481.6,18:48:01,20211,107423,19064,11063,1308,6,200
1785948501.7,18:48:21,20219,107423,19064,10912,1328,6,200
1785948521.9,18:48:41,20203,107423,19064,11128,1348,6,200
1785948542.0,18:49:01,20211,107423,19064,11011,1368,6,200
1785948562.1,18:49:22,20211,107423,19064,10737,1388,6,200
1785948582.2,18:49:42,20215,107423,19068,10404,1408,6,200
1785948602.4,18:50:02,20215,107423,19068,10540,1428,6,200
1785948622.5,18:50:22,20215,107423,19068,11017,1448,6,200
1785948642.6,18:50:42,20217,107423,19072,10355,1469,7,200
1785948662.7,18:51:02,20217,107423,19072,10586,1489,6,200
1785948682.8,18:51:22,20209,107423,19072,10541,1509,6,200
1785948703.0,18:51:42,20225,107423,19080,10900,1529,6,200
1785948723.1,18:52:03,20225,107423,19080,10307,1549,6,200
1785948743.2,18:52:23,20225,107423,19080,10553,1569,6,200
1785948763.3,18:52:43,20225,107423,19080,10589,1589,6,200
1785948783.5,18:53:03,20229,107423,19084,10486,1609,6,200
1785948803.6,18:53:23,20227,107423,19084,10222,1630,6,200
1785948823.7,18:53:43,20227,107423,19084,10553,1650,6,200
1785948843.9,18:54:03,20227,107423,19084,10397,1670,6,200
1785948864.0,18:54:24,20219,107423,19084,10798,1690,6,200
1785948884.1,18:54:44,20235,107423,19092,11098,1710,6,200
1785948904.3,18:55:04,20235,107423,19092,11254,1730,6,200
1785948924.4,18:55:24,20235,107423,19092,10971,1750,6,200
1785948944.5,18:55:44,20155,107423,19092,11131,1770,6,200
1785948964.6,18:56:04,20159,107423,19096,10602,1791,6,200
1785948984.7,18:56:24,20159,107423,19096,10622,1811,6,200
1785949004.9,18:56:44,20159,107423,19096,10212,1831,6,200
1785949025.0,18:57:04,20159,107423,19096,10729,1851,6,200
1785949045.1,18:57:25,20167,107423,19104,11041,1871,6,200
1785949065.2,18:57:45,20167,107423,19104,11132,1891,6,200
1785949085.4,18:58:05,20171,107423,19108,10269,1911,6,200
1785949105.5,18:58:25,20231,107423,19108,11207,1931,6,200
1785949125.6,18:58:45,20231,107423,19108,11016,1952,6,200
1785949145.7,18:59:05,20235,107423,19112,11195,1972,6,200
1785949165.9,18:59:25,20235,107423,19112,10813,1992,6,200
1785949186.0,18:59:45,20235,107423,19112,11442,2012,6,200
1785949206.1,19:00:06,20261,107423,19116,11066,2032,6,200
1785949226.2,19:00:26,20254,107423,19116,10689,2052,6,200
1785949246.4,19:00:46,20260,107423,19116,10968,2072,9,200
1785949266.5,19:01:06,20289,107423,19120,11167,2092,6,200
1785949286.6,19:01:26,20290,107423,19120,10461,2113,6,200
1785949306.7,19:01:46,20295,107423,19120,10492,2133,6,200
1785949326.9,19:02:06,20290,107423,19120,11229,2153,6,200
1785949347.0,19:02:27,20317,107423,19128,11378,2173,6,200
1785949367.1,19:02:47,20290,107423,19128,10973,2193,6,200
1785949387.3,19:03:07,20340,107423,19128,10800,2213,6,200
1785949407.4,19:03:27,20345,107423,19132,11278,2233,6,200
1785949427.5,19:03:47,20347,107423,19132,11580,2253,6,200
1785949447.6,19:04:07,20354,107423,19132,11241,2274,6,200
1785949467.8,19:04:27,20353,107423,19132,10973,2294,6,200
1785949487.9,19:04:47,20353,107423,19132,11485,2314,6,200
1785949508.0,19:05:08,20353,107423,19132,11052,2334,6,200
1785949528.1,19:05:28,20353,107423,19132,10944,2354,6,200
1785949548.3,19:05:48,20353,107423,19132,11051,2374,6,200
1785949568.4,19:06:08,20353,107423,19132,11537,2394,6,200
1785949588.5,19:06:28,20353,107423,19132,11204,2414,6,200
1785949608.6,19:06:48,20353,107423,19132,11258,2435,6,200
1785949628.8,19:07:08,20355,107423,19132,11158,2455,6,200
1785949648.9,19:07:28,20347,107423,19132,11237,2475,6,200
1785949669.0,19:07:49,20351,107423,19136,10745,2495,6,200
1785949689.1,19:08:09,20351,107423,19136,11457,2515,6,200
1785949709.3,19:08:29,20355,107423,19136,10883,2535,6,200
1785949729.4,19:08:49,20355,107423,19136,10628,2555,6,200
1785949749.5,19:09:09,20355,107423,19136,11499,2575,6,200
1785949769.6,19:09:29,20355,107423,19136,10845,2596,6,200
1785949789.7,19:09:49,20355,107423,19136,11615,2616,6,200
1785949809.9,19:10:09,20347,107423,19136,11282,2636,6,200
1785949830.0,19:10:29,20354,107423,19136,11601,2656,6,200
1785949850.1,19:10:50,20210,107423,19136,11215,2676,6,200
1785949870.2,19:11:10,20210,107423,19136,11175,2696,6,200
1785949890.4,19:11:30,20210,107423,19136,11614,2716,8,200
1785949910.5,19:11:50,20210,107423,19136,11511,2736,6,200
1785949930.6,19:12:10,20210,107423,19136,11293,2757,6,200
1785949950.8,19:12:30,20210,107423,19136,11323,2777,6,200
1785949970.9,19:12:50,20202,107423,19136,10970,2797,6,200
1785949991.0,19:13:11,20210,107423,19136,11351,2817,6,200
1785950011.1,19:13:31,20249,107423,19136,10678,2837,6,200
1785950031.3,19:13:51,20239,107423,19136,10571,2857,6,200
1785950051.4,19:14:11,20253,107423,19136,10980,2877,6,200
1785950071.5,19:14:31,20240,107423,19136,10734,2897,6,200
1785950091.6,19:14:51,20292,107423,19140,11565,2918,6,200
1785950111.8,19:15:11,20292,107423,19140,10774,2938,6,200
1785950131.9,19:15:31,20558,107423,19140,11302,2958,6,200
1785950152.0,19:15:52,20572,107423,19140,11281,2978,6,200
1785950172.1,19:16:12,927,,-1,-1,-1,6,000
1785950192.2,19:16:32,20369,141060,18948,1652,13,6,200
1785950212.3,19:16:52,20369,141060,18956,3434,33,6,200
1785950232.4,19:17:12,20385,141060,18972,5148,53,6,200
1785950252.6,19:17:32,20387,141060,18974,7546,73,6,200
1785950272.7,19:17:52,20387,141060,18982,9554,93,6,200
1785950292.8,19:18:12,20395,141060,18990,10562,113,6,200
1785950312.9,19:18:32,20395,141060,18990,9964,133,6,200
1785950333.1,19:18:53,20395,141060,18990,10116,154,6,200
1785950353.2,19:19:13,20403,141060,18998,10701,174,6,200
1785950373.3,19:19:33,20411,141060,18998,9811,194,6,200
1785950393.4,19:19:53,20411,141060,19006,10209,214,6,200
1785950413.6,19:20:13,1408,,-1,-1,-1,6,000
1785950433.6,19:20:33,3783,,-1,-1,-1,18,000
1785950453.7,19:20:53,3759,,-1,-1,-1,173,000
1785950474.0,19:21:14,3751,,-1,-1,-1,19,000
1785950494.1,19:21:34,3759,,-1,-1,-1,215,000
1785950514.7,19:21:54,3751,,-1,-1,-1,12,000
1785950534.7,19:22:14,4173,,-1,-1,-1,6,000
1785950554.8,19:22:34,23736,,-1,-1,-1,6,000
1785950574.9,19:22:54,23806,,-1,-1,-1,6,000
1785950594.9,19:23:14,23733,,-1,-1,-1,5,000
1785950615.0,19:23:35,19316,145538,-1,27014,14,31,503
1785950636.3,19:23:56,19316,145538,-1,26245,35,26,200
1785950656.5,19:24:16,19316,145538,-1,25706,55,7,200
1785950676.7,19:24:36,19308,145538,-1,25621,75,6,200
1785950696.9,19:24:56,19316,145538,-1,25654,95,10,200
1785950717.0,19:25:17,19316,145538,-1,25694,115,7,200
1785950737.2,19:25:37,19315,145538,-1,25561,135,6,200
1785950757.4,19:25:57,1555,146541,-1,17889,5,6,503
1785950777.5,19:26:17,1555,146541,-1,29434,25,9,200
1785950797.7,19:26:37,1568,146541,-1,29602,46,29,200
1785950818.1,19:26:58,1617,146541,-1,30103,66,7,200
1785950838.3,19:27:18,1597,146541,-1,0,86,1513,000
1785950859.9,19:27:39,1590,147464,-1,29373,20,8,200
1785950880.1,19:28:00,1601,147464,-1,29790,40,6,200
1785950900.2,19:28:20,1602,147464,-1,29790,60,10,200
1785950920.4,19:28:40,1613,147464,-1,29827,80,6,200
1785950940.5,19:29:00,1576,147464,-1,30363,100,6,200
1785950960.7,19:29:20,1595,147464,-1,30363,120,6,200
1785950980.9,19:29:40,1587,147464,-1,30363,141,10,200
1785951001.1,19:30:01,1579,148199,-1,29488,18,7,200
1785951021.3,19:30:21,1589,148199,-1,29795,38,6,200
1785951041.5,19:30:41,1562,148199,-1,29885,58,6,200
1785951061.6,19:31:01,1559,148199,-1,29886,78,8,200
1785951081.8,19:31:21,1566,148199,-1,30126,98,11,200
1785951101.9,19:31:41,1572,148199,-1,30327,119,6,200
1785951122.1,19:32:02,1559,148984,-1,29323,16,10,200
1785951142.3,19:32:22,1558,148984,-1,29776,36,6,200
1785951162.4,19:32:42,1559,148984,-1,29782,56,11,200
1785951182.6,19:33:02,1562,148984,-1,29863,77,10,200
1785951202.7,19:33:22,1073,,-1,-1,-1,5,000
1785951222.8,19:33:42,1078,,-1,-1,-1,5,000
1785951242.9,19:34:02,1078,,-1,-1,-1,5,000
1785951263.0,19:34:22,1079,,-1,-1,-1,5,000
1785951283.0,19:34:43,1079,,-1,-1,-1,6,000
1785951303.1,19:35:03,1081,,-1,-1,-1,5,000
1785951323.2,19:35:23,1082,,-1,-1,-1,6,000
1785951343.2,19:35:43,1078,,-1,-1,-1,5,000
1785951363.3,19:36:03,1071,,-1,-1,-1,5,000
1785951383.4,19:36:23,1080,,-1,-1,-1,6,000
1785951403.4,19:36:43,1075,,-1,-1,-1,5,000
1785951423.5,19:37:03,1060,,-1,-1,-1,6,000
1785951443.6,19:37:23,1061,,-1,-1,-1,5,000
1785951463.6,19:37:43,1059,,-1,-1,-1,6,000
1785951483.7,19:38:03,1055,,-1,-1,-1,5,000
1785951503.8,19:38:23,1055,,-1,-1,-1,5,000
1785951523.9,19:38:43,1055,,-1,-1,-1,5,000
1785951543.9,19:39:03,1055,,-1,-1,-1,5,000
1785951564.0,19:39:24,1055,,-1,-1,-1,5,000
1785951584.1,19:39:44,1055,,-1,-1,-1,5,000
1785951604.1,19:40:04,1055,,-1,-1,-1,6,000
1785951624.2,19:40:24,1074,,-1,-1,-1,5,000
